ID;Lat;Lon;Alt;Vel;Ax;Ay;Az;Mx;My;Mz
1;47.47314985;19.0633413333333;110.563;0.013;0.565;0.01;1.935;-11.68;4.16;-28.96
6;47.4731498666667;19.0633413166667;110.565;0.013;0.565;0.01;1.935;-11.68;4.16;-28.96
7;47.4731498666667;19.0633413166667;110.565;0.013;0.565;0.01;1.935;-11.68;4.16;-28.96
8;47.4731498333333;19.0633414333333;110.559;0.014;0.565;0.01;1.935;-11.68;4.16;-28.96
9;47.4731498;19.0633414333333;110.571;0.014;0.565;0.01;1.935;-11.68;4.16;-28.96
10;47.4731498;19.0633414333333;110.571;0.014;0.565;0.01;1.935;-11.68;4.16;-28.96
11;47.4731497833333;19.0633414;110.578;0.014;0.565;0.01;1.935;-11.68;4.16;-28.96
12;47.4731498333333;19.06334145;110.586;0.045;0.565;0.01;1.935;-11.68;4.16;-28.96
13;47.47314975;19.06334145;110.59;0.045;0.565;0.01;1.935;-11.68;4.16;-28.96
14;47.4731497666667;19.06334155;110.576;0.045;0.565;0.01;1.935;-11.68;4.16;-28.96
15;47.47314975;19.0633415;110.574;0.045;0.565;0.01;1.935;-11.68;4.16;-28.96
16;47.4731497833333;19.0633415833333;110.572;0.027;0.565;0.01;1.935;-11.68;4.16;-28.96
17;47.4731498666667;19.0633415666667;110.588;0.027;0.565;0.01;1.935;-11.68;4.16;-28.96
18;47.47314985;19.0633416;110.589;0.027;0.565;0.01;1.935;-11.68;4.16;-28.96
19;47.4731498;19.0633416166667;110.588;0.027;0.565;0.01;1.935;-11.68;4.16;-28.96
20;47.4731498166667;19.0633417166667;110.587;0.033;0.565;0.01;1.935;-11.68;4.16;-28.96
21;47.4731498166667;19.06334165;110.589;0.033;0.565;0.01;1.935;-11.68;4.16;-28.96
22;47.4731497666667;19.06334165;110.587;0.033;0.565;0.01;1.935;-11.68;4.16;-28.96
23;47.47314995;19.0633419;110.575;0.033;0.565;0.01;1.935;-11.68;4.16;-28.96
24;47.47314995;19.0633419;110.575;0.024;0.565;0.01;1.935;-11.68;4.16;-28.96
25;47.47315;19.063342;110.567;0.024;0.565;0.01;1.935;-11.68;4.16;-28.96
26;47.47315;19.063342;110.567;0.024;0.565;0.01;1.935;-11.68;4.16;-28.96
27;47.4731500166667;19.063342;110.568;0.024;0.565;0.01;1.935;-11.68;4.16;-28.96
28;47.4731500666667;19.0633420333333;110.571;0.024;0.565;0.01;1.935;-11.68;4.16;-28.96
29;47.4731501166667;19.0633420166667;110.577;0.024;0.565;0.01;1.935;-11.68;4.16;-28.96
30;47.4731501666667;19.0633419833333;110.585;0.024;0.565;0.01;1.935;-11.68;4.16;-28.96
31;47.4731501833333;19.0633420333333;110.582;0.024;0.565;0.01;1.935;-11.68;4.16;-28.96
32;47.4731501833333;19.0633420333333;110.582;0.021;0.565;0.01;1.935;-11.68;4.16;-28.96
33;47.47315015;19.0633421166667;110.572;0.021;0.565;0.01;1.935;-11.68;4.16;-28.96
34;47.4731501833333;19.0633420833333;110.572;0.021;0.565;0.01;1.935;-11.68;4.16;-28.96
35;47.4731501833333;19.0633420833333;110.572;0.021;0.565;0.01;1.935;-11.68;4.16;-28.96
36;47.47315015;19.0633422166667;110.57;0.013;0.565;0.01;1.935;-11.68;4.16;-28.96
37;47.47315015;19.0633422666667;110.567;0.013;0.565;0.01;1.935;-11.68;4.16;-28.96
38;47.4731501166667;19.0633423833333;110.564;0.013;0.565;0.01;1.935;-11.68;4.16;-28.96
39;47.4731501;19.0633423833333;110.563;0.013;0.565;0.01;1.935;-11.68;4.16;-28.96
40;47.4731500666667;19.0633425166667;110.559;0.034;0.565;0.01;1.935;-11.68;4.16;-28.96
41;47.4731501333333;19.0633424166667;110.562;0.034;0.565;0.01;1.935;-11.68;4.16;-28.96
42;47.4731501333333;19.06334245;110.562;0.034;0.565;0.01;1.935;-11.68;4.16;-28.96
43;47.4731501833333;19.0633424333333;110.556;0.034;0.565;0.01;1.935;-11.68;4.16;-28.96
44;47.47315015;19.0633425666667;110.549;0.019;0.565;0.01;1.935;-11.68;4.16;-28.96
45;47.4731501833333;19.0633426333333;110.553;0.019;0.565;0.01;1.935;-11.68;4.16;-28.96
46;47.4731501833333;19.0633426333333;110.553;0.019;0.565;0.01;1.935;-11.68;4.16;-28.96
47;47.4731501666667;19.0633426333333;110.546;0.019;0.565;0.01;1.935;-11.68;4.16;-28.96
48;47.4731501833333;19.0633427;110.546;0.017;0.565;0.01;1.935;-11.68;4.16;-28.96
49;47.47315025;19.0633426333333;110.56;0.017;0.565;0.01;1.935;-11.68;4.16;-28.96
50;47.47315025;19.06334265;110.554;0.017;0.565;0.01;1.935;-11.68;4.16;-28.96
51;47.4731502666667;19.0633426166667;110.558;0.017;0.565;0.01;1.935;-11.68;4.16;-28.96
52;47.4731501666667;19.06334275;110.569;0.042;0.565;0.01;1.935;-11.68;4.16;-28.96
53;47.4731501666667;19.0633428166667;110.568;0.042;0.565;0.01;1.935;-11.68;4.16;-28.96
54;47.4731501333333;19.0633428333333;110.57;0.042;0.565;0.01;1.935;-11.68;4.16;-28.96
55;47.4731501333333;19.06334285;110.571;0.042;0.565;0.01;1.935;-11.68;4.16;-28.96
56;47.4731501666667;19.0633429333333;110.568;0.013;0.565;0.01;1.935;-11.68;4.16;-28.96
57;47.4731501333333;19.0633429333333;110.569;0.013;0.565;0.01;1.935;-11.68;4.16;-28.96
58;47.4731501333333;19.0633429166667;110.572;0.013;0.565;0.01;1.935;-11.68;4.16;-28.96
59;47.4731502166667;19.06334315;110.545;0.013;0.565;0.01;1.935;-11.68;4.16;-28.96
60;47.4731502166667;19.06334315;110.545;0.023;0.565;0.01;1.935;-11.68;4.16;-28.96
61;47.4731501833333;19.0633431;110.555;0.023;0.565;0.01;1.935;-11.68;4.16;-28.96
62;47.4731502;19.0633430666667;110.562;0.023;0.565;0.01;1.935;-11.68;4.16;-28.96
63;47.4731502;19.0633430666667;110.562;0.023;0.565;0.01;1.935;-11.68;4.16;-28.96
64;47.4731502333333;19.0633431833333;110.555;0.011;0.565;0.01;1.935;-11.68;4.16;-28.96
65;47.47315025;19.0633432;110.554;0.011;0.565;0.01;1.935;-11.68;4.16;-28.96
66;47.47315025;19.0633432;110.556;0.011;0.565;0.01;1.935;-11.68;4.16;-28.96
67;47.4731502833333;19.06334325;110.549;0.011;0.565;0.01;1.935;-11.68;4.16;-28.96
68;47.4731502666667;19.0633432666667;110.556;0.026;0.565;0.01;1.935;-11.68;4.16;-28.96
69;47.4731502666667;19.0633432166667;110.564;0.026;0.565;0.01;1.935;-11.68;4.16;-28.96
70;47.47315025;19.0633432333333;110.565;0.026;0.565;0.01;1.935;-11.68;4.16;-28.96
71;47.47315025;19.0633431833333;110.56;0.026;0.565;0.01;1.935;-11.68;4.16;-28.96
72;47.4731502833333;19.0633431833333;110.562;0.015;0.565;0.01;1.935;-11.68;4.16;-28.96
73;47.4731503;19.06334325;110.563;0.015;0.565;0.01;1.935;-11.68;4.16;-28.96
74;47.4731503333333;19.0633432333333;110.564;0.015;0.565;0.01;1.935;-11.68;4.16;-28.96
75;47.4731503666667;19.0633433166667;110.562;0.015;0.565;0.01;1.935;-11.68;4.16;-28.96
76;47.4731503166667;19.0633433333333;110.566;0.055;0.565;0.01;1.935;-11.68;4.16;-28.96
77;47.4731502166667;19.0633433166667;110.575;0.055;0.565;0.01;1.935;-11.68;4.16;-28.96
78;47.4731502166667;19.0633433166667;110.575;0.055;0.565;0.01;1.935;-11.68;4.16;-28.96
79;47.4731501666667;19.0633432833333;110.582;0.055;0.565;0.01;1.935;-11.68;4.16;-28.96
80;47.4731502;19.0633433833333;110.577;0.011;0.565;0.01;1.935;-11.68;4.16;-28.96
81;47.4731501833333;19.0633434;110.577;0.011;0.565;0.01;1.935;-11.68;4.16;-28.96
82;47.4731502166667;19.0633434833333;110.571;0.011;0.565;0.01;1.935;-11.68;4.16;-28.96
83;47.4731502166667;19.0633434833333;110.571;0.011;0.565;0.01;1.935;-11.68;4.16;-28.96
84;47.4731502166667;19.0633435;110.57;0.052;0.565;0.01;1.935;-11.68;4.16;-28.96
85;47.4731502666667;19.0633435666667;110.559;0.052;0.565;0.01;1.935;-11.68;4.16;-28.96
86;47.4731502666667;19.0633435666667;110.559;0.052;0.565;0.01;1.935;-11.68;4.16;-28.96
87;47.4731502666667;19.0633436333333;110.555;0.052;0.565;0.01;1.935;-11.68;4.16;-28.96
88;47.4731502833333;19.0633436666667;110.555;0.014;0.565;0.01;1.935;-11.68;4.16;-28.96
89;47.4731502666667;19.0633436166667;110.558;0.014;0.565;0.01;1.935;-11.68;4.16;-28.96
90;47.4731502166667;19.0633437;110.559;0.014;0.565;0.01;1.935;-11.68;4.16;-28.96
91;47.47315025;19.0633437333333;110.548;0.014;0.565;0.01;1.935;-11.68;4.16;-28.96
92;47.47315025;19.0633437333333;110.548;0.024;0.565;0.01;1.935;-11.68;4.16;-28.96
93;47.4731502833333;19.0633437333333;110.548;0.024;0.565;0.01;1.935;-11.68;4.16;-28.96
94;47.47315025;19.0633437;110.551;0.024;0.565;0.01;1.935;-11.68;4.16;-28.96
95;47.4731502;19.0633437166667;110.551;0.024;0.565;0.01;1.935;-11.68;4.16;-28.96
96;47.4731502;19.06334365;110.555;0.047;0.565;0.01;1.935;-11.68;4.16;-28.96
97;47.4731501666667;19.06334375;110.548;0.047;0.565;0.01;1.935;-11.68;4.16;-28.96
98;47.4731501333333;19.06334375;110.546;0.047;0.565;0.01;1.935;-11.68;4.16;-28.96
99;47.4731501333333;19.0633437;110.545;0.047;0.565;0.01;1.935;-11.68;4.16;-28.96
100;47.4731501166667;19.0633436;110.543;0.064;0.565;0.01;1.935;-11.68;4.16;-28.96
101;47.47315015;19.0633436;110.537;0.064;0.565;0.01;1.935;-11.68;4.16;-28.96
102;47.4731501333333;19.0633435833333;110.535;0.064;0.565;0.01;1.935;-11.68;4.16;-28.96
103;47.4731501333333;19.0633435833333;110.535;0.064;0.565;0.01;1.935;-11.68;4.16;-28.96
104;47.4731501333333;19.0633434833333;110.526;0.024;0.565;0.01;1.935;-11.68;4.16;-28.96
105;47.47315015;19.0633435;110.525;0.024;0.565;0.01;1.935;-11.68;4.16;-28.96
106;47.47315015;19.0633435;110.525;0.024;0.565;0.01;1.935;-11.68;4.16;-28.96
107;47.4731501833333;19.0633432833333;110.522;0.024;0.565;0.01;1.935;-11.68;4.16;-28.96
108;47.4731501833333;19.0633432833333;110.522;0.158;0.565;0.01;1.935;-11.68;4.16;-28.96
109;47.47315025;19.0633433166667;110.525;0.158;0.565;0.01;1.935;-11.68;4.16;-28.96
110;47.4731503666667;19.0633433333333;110.527;0.158;0.565;0.01;1.935;-11.68;4.16;-28.96
111;47.4731505166667;19.0633432166667;110.528;0.158;0.565;0.01;1.935;-11.68;4.16;-28.96
112;47.4731508;19.06334305;110.534;1.055;0.565;0.01;1.935;-11.68;4.16;-28.96
113;47.4731515333333;19.06334265;110.54;1.055;0.565;0.01;1.935;-11.68;4.16;-28.96
114;47.47315255;19.0633422333333;110.544;1.055;0.565;0.01;1.935;-11.68;4.16;-28.96
115;47.47315385;19.0633410333333;110.54;1.055;0.565;0.01;1.935;-11.68;4.16;-28.96
116;47.4731554833333;19.06334015;110.566;3.518;0.565;0.01;1.935;-11.68;4.16;-28.96
117;47.4731595;19.0633365833333;110.576;3.518;0.565;0.01;1.935;-11.68;4.16;-28.96
118;47.4731619166667;19.0633338333333;110.571;3.518;0.565;0.01;1.935;-11.68;4.16;-28.96
119;47.4731643333333;19.063331;110.568;3.518;0.565;0.01;1.935;-11.68;4.16;-28.96
120;47.4731643333333;19.063331;110.568;5.742;0.565;0.01;1.935;-11.68;4.16;-28.96
121;47.4731670333333;19.0633271666667;110.554;5.742;0.565;0.01;1.935;-11.68;4.16;-28.96
122;47.4731694166667;19.0633225333333;110.558;5.742;0.565;0.01;1.935;-11.68;4.16;-28.96
123;47.4731734833333;19.0633118;110.547;5.742;0.565;0.01;1.935;-11.68;4.16;-28.96
124;47.4731734833333;19.0633118;110.547;6.333;0.565;0.01;1.935;-11.68;4.16;-28.96
125;47.4731747;19.0633062166667;110.579;6.333;0.565;0.01;1.935;-11.68;4.16;-28.96
126;47.4731753833333;19.0633004166667;110.627;6.333;0.565;0.01;1.935;-11.68;4.16;-28.96
127;47.473176;19.0632942;110.647;6.333;0.565;0.01;1.935;-11.68;4.16;-28.96
128;47.4731758666667;19.0632878833333;110.653;6.59;0.565;0.01;1.935;-11.68;4.16;-28.96
129;47.4731752166667;19.0632817666667;110.638;6.59;0.565;0.01;1.935;-11.68;4.16;-28.96
130;47.473173;19.0632699166667;110.594;6.59;0.565;0.01;1.935;-11.68;4.16;-28.96
131;47.4731708166667;19.0632646666667;110.601;6.59;0.565;0.01;1.935;-11.68;4.16;-28.96
132;47.4731708166667;19.0632646666667;110.601;6.624;0.565;0.01;1.935;-11.68;4.16;-28.96
133;47.4731662833333;19.0632541666667;110.621;6.624;0.565;0.01;1.935;-11.68;4.16;-28.96
134;47.47316315;19.0632499666667;110.642;6.624;0.565;0.01;1.935;-11.68;4.16;-28.96
135;47.47316315;19.0632499666667;110.642;6.624;0.565;0.01;1.935;-11.68;4.16;-28.96
136;47.4731595;19.0632465;110.666;6.998;0.565;0.01;1.935;-11.68;4.16;-28.96
137;47.4731559333333;19.0632427666667;110.66;6.998;0.565;0.01;1.935;-11.68;4.16;-28.96
138;47.4731521166667;19.06323995;110.65;6.998;0.565;0.01;1.935;-11.68;4.16;-28.96
139;47.4731438;19.06323665;110.64;6.998;0.565;0.01;1.935;-11.68;4.16;-28.96
140;47.4731438;19.06323665;110.64;6.887;0.565;0.01;1.935;-11.68;4.16;-28.96
141;47.4731352;19.0632364666667;110.638;6.887;0.565;0.01;1.935;-11.68;4.16;-28.96
142;47.4731308166667;19.06323725;110.638;6.887;0.565;0.01;1.935;-11.68;4.16;-28.96
143;47.4731308166667;19.06323725;110.638;6.887;0.565;0.01;1.935;-11.68;4.16;-28.96
144;47.4731263;19.0632391833333;110.732;6.876;0.565;0.01;1.935;-11.68;4.16;-28.96
145;47.4731187166667;19.0632445666667;110.765;6.876;0.565;0.01;1.935;-11.68;4.16;-28.96
146;47.4731150833333;19.0632482166667;110.76;6.876;0.565;0.01;1.935;-11.68;4.16;-28.96
147;47.4731113666667;19.0632527666667;110.744;6.876;0.565;0.01;1.935;-11.68;4.16;-28.96
148;47.4731113666667;19.0632527666667;110.744;6.374;0.565;0.01;1.935;-11.68;4.16;-28.96
149;47.4731058833333;19.0632630833333;110.696;6.374;0.565;0.01;1.935;-11.68;4.16;-28.96
150;47.4731058833333;19.0632630833333;110.696;6.374;0.565;0.01;1.935;-11.68;4.16;-28.96
151;47.4731037666667;19.0632691666667;110.695;6.374;0.565;0.01;1.935;-11.68;4.16;-28.96
152;47.4731022666667;19.0632753166667;110.762;7.338;0.565;0.01;1.935;-11.68;4.16;-28.96
153;47.4731009833333;19.0632823666667;110.76;7.338;0.565;0.01;1.935;-11.68;4.16;-28.96
154;47.4731001666667;19.0632894333333;110.748;7.338;0.565;0.01;1.935;-11.68;4.16;-28.96
155;47.4731008833333;19.0633035666667;110.65;7.338;0.565;0.01;1.935;-11.68;4.16;-28.96
156;47.4731008833333;19.0633035666667;110.65;8.006;0.565;0.01;1.935;-11.68;4.16;-28.96
157;47.4731023833333;19.0633105666667;110.61;8.006;0.565;0.01;1.935;-11.68;4.16;-28.96
158;47.4731041333333;19.0633174;110.573;8.006;0.565;0.01;1.935;-11.68;4.16;-28.96
159;47.4731097166667;19.0633293;110.554;8.006;0.565;0.01;1.935;-11.68;4.16;-28.96
160;47.473113;19.0633344666667;110.543;7.674;0.565;0.01;1.935;-11.68;4.16;-28.96
161;47.473113;19.0633344666667;110.543;7.674;0.565;0.01;1.935;-11.68;4.16;-28.96
162;47.47312125;19.06334205;110.551;7.674;0.565;0.01;1.935;-11.68;4.16;-28.96
163;47.4731256;19.0633449666667;110.576;7.674;0.565;0.01;1.935;-11.68;4.16;-28.96
164;47.4731256;19.0633449666667;110.576;7.505;0.565;0.01;1.935;-11.68;4.16;-28.96
165;47.47313515;19.0633480666667;110.556;7.505;0.565;0.01;1.935;-11.68;4.16;-28.96
166;47.47313515;19.0633480666667;110.556;7.505;0.565;0.01;1.935;-11.68;4.16;-28.96
167;47.4731446166667;19.0633466833333;110.614;7.505;0.565;0.01;1.935;-11.68;4.16;-28.96
168;47.4731446166667;19.0633466833333;110.614;7.647;0.565;0.01;1.935;-11.68;4.16;-28.96
169;47.4731492333333;19.0633449;110.598;7.647;0.565;0.01;1.935;-11.68;4.16;-28.96
170;47.47315365;19.0633424666667;110.592;7.647;0.565;0.01;1.935;-11.68;4.16;-28.96
171;47.4731582;19.0633391666667;110.563;7.647;0.565;0.01;1.935;-11.68;4.16;-28.96
172;47.4731619333333;19.0633350666667;110.546;7.204;0.565;0.01;1.935;-11.68;4.16;-28.96
173;47.4731685;19.06332595;110.541;7.204;0.565;0.01;1.935;-11.68;4.16;-28.96
174;47.4731710333333;19.0633205833333;110.525;7.204;0.565;0.01;1.935;-11.68;4.16;-28.96
175;47.4731710333333;19.0633205833333;110.525;7.204;0.565;0.01;1.935;-11.68;4.16;-28.96
176;47.4731728166667;19.0633147833333;110.563;7.124;0.565;0.01;1.935;-11.68;4.16;-28.96
177;47.4731754666667;19.0633020666667;110.611;7.124;0.565;0.01;1.935;-11.68;4.16;-28.96
178;47.4731754666667;19.0633020666667;110.611;7.124;0.565;0.01;1.935;-11.68;4.16;-28.96
179;47.4731760666667;19.0632953;110.627;7.124;0.565;0.01;1.935;-11.68;4.16;-28.96
180;47.4731760666667;19.0632886666667;110.638;7.11;0.565;0.01;1.935;-11.68;4.16;-28.96
181;47.4731741666667;19.0632755666667;110.641;7.11;0.565;0.01;1.935;-11.68;4.16;-28.96
182;47.4731741666667;19.0632755666667;110.641;7.11;0.565;0.01;1.935;-11.68;4.16;-28.96
183;47.4731701166667;19.06326365;110.679;7.11;0.565;0.01;1.935;-11.68;4.16;-28.96
184;47.4731701166667;19.06326365;110.679;7.361;0.565;0.01;1.935;-11.68;4.16;-28.96
185;47.4731676833333;19.0632578;110.666;7.361;0.565;0.01;1.935;-11.68;4.16;-28.96
186;47.4731644166667;19.0632528333333;110.672;7.361;0.565;0.01;1.935;-11.68;4.16;-28.96
187;47.4731608333333;19.0632482833333;110.693;7.361;0.565;0.01;1.935;-11.68;4.16;-28.96
188;47.4731525833333;19.06324075;110.715;7.708;0.565;0.01;1.935;-11.68;4.16;-28.96
189;47.4731525833333;19.06324075;110.715;7.708;0.565;0.01;1.935;-11.68;4.16;-28.96
190;47.4731430166667;19.0632368;110.747;7.708;0.565;0.01;1.935;-11.68;4.16;-28.96
191;47.4731382;19.0632365166667;110.763;7.708;0.565;0.01;1.935;-11.68;4.16;-28.96
192;47.4731382;19.0632365166667;110.763;7.955;0.565;0.01;1.935;-11.68;4.16;-28.96
193;47.4731334166667;19.0632371333333;110.772;7.955;0.565;0.01;1.935;-11.68;4.16;-28.96
194;47.4731235833333;19.0632406333333;110.786;7.955;0.565;0.01;1.935;-11.68;4.16;-28.96
195;47.4731235833333;19.0632406333333;110.786;7.955;0.565;0.01;1.935;-11.68;4.16;-28.96
196;47.4731187;19.0632442333333;110.767;8.313;0.565;0.01;1.935;-11.68;4.16;-28.96
197;47.4731105333333;19.0632538166667;110.739;8.313;0.565;0.01;1.935;-11.68;4.16;-28.96
198;47.4731105333333;19.0632538166667;110.739;8.313;0.565;0.01;1.935;-11.68;4.16;-28.96
199;47.47310705;19.0632599333333;110.723;8.313;0.565;0.01;1.935;-11.68;4.16;-28.96
200;47.4731043833333;19.0632665833333;110.723;8.887;0.565;0.01;1.935;-11.68;4.16;-28.96
201;47.4731024;19.0632741;110.738;8.887;0.565;0.01;1.935;-11.68;4.16;-28.96
202;47.4730998666667;19.0632909166667;110.731;8.887;0.565;0.01;1.935;-11.68;4.16;-28.96
203;47.4730997666667;19.0632998333333;110.697;8.887;0.565;0.01;1.935;-11.68;4.16;-28.96
204;47.4730997666667;19.0632998333333;110.697;9.78;0.565;0.01;1.935;-11.68;4.16;-28.96
205;47.47310315;19.0633170333333;110.583;9.78;0.565;0.01;1.935;-11.68;4.16;-28.96
206;47.4731059666667;19.0633251833333;110.567;9.78;0.565;0.01;1.935;-11.68;4.16;-28.96
207;47.4731059666667;19.0633251833333;110.567;9.78;0.565;0.01;1.935;-11.68;4.16;-28.96
208;47.47310985;19.0633321833333;110.582;9.799;0.565;0.01;1.935;-11.68;4.16;-28.96
209;47.4731143833333;19.0633382166667;110.569;9.799;0.565;0.01;1.935;-11.68;4.16;-28.96
210;47.4731197833333;19.0633431166667;110.576;9.799;0.565;0.01;1.935;-11.68;4.16;-28.96
211;47.4731257333333;19.063347;110.596;9.799;0.565;0.01;1.935;-11.68;4.16;-28.96
212;47.4731318166667;19.0633492833333;110.599;10.04;0.565;0.01;1.935;-11.68;4.16;-28.96
213;47.47314445;19.0633490333333;110.617;10.04;0.565;0.01;1.935;-11.68;4.16;-28.96
214;47.47314445;19.0633490333333;110.617;10.04;0.565;0.01;1.935;-11.68;4.16;-28.96
215;47.47315525;19.0633452;110.6;10.04;0.565;0.01;1.935;-11.68;4.16;-28.96
216;47.4731598;19.0633433166667;110.581;7.466;0.565;0.01;1.935;-11.68;4.16;-28.96
217;47.4731629;19.0633414166667;110.524;7.466;0.565;0.01;1.935;-11.68;4.16;-28.96
218;47.4731654166667;19.0633396166667;110.429;7.466;0.565;0.01;1.935;-11.68;4.16;-28.96
219;47.4731667166667;19.0633393833333;110.525;7.466;0.565;0.01;1.935;-11.68;4.16;-28.96
220;47.4731667166667;19.0633393833333;110.525;2.563;0.565;0.01;1.935;-11.68;4.16;-28.96
221;47.47316975;19.0633378166667;110.514;2.563;0.565;0.01;1.935;-11.68;4.16;-28.96
222;47.47316975;19.0633378166667;110.514;2.563;0.565;0.01;1.935;-11.68;4.16;-28.96
223;47.4731706833333;19.0633373333333;110.501;2.563;0.565;0.01;1.935;-11.68;4.16;-28.96
224;47.473171;19.0633377333333;110.495;0.123;0.565;0.01;1.935;-11.68;4.16;-28.96
225;47.4731709333333;19.0633379333333;110.49;0.123;0.565;0.01;1.935;-11.68;4.16;-28.96
226;47.4731710833333;19.0633379;110.491;0.123;0.565;0.01;1.935;-11.68;4.16;-28.96
227;47.473171;19.06333785;110.482;0.123;0.565;0.01;1.935;-11.68;4.16;-28.96
228;47.473171;19.06333785;110.482;0.113;0.565;0.01;1.935;-11.68;4.16;-28.96
229;47.4731709333333;19.0633378666667;110.472;0.113;0.565;0.01;1.935;-11.68;4.16;-28.96
230;47.4731708833333;19.0633379333333;110.462;0.113;0.565;0.01;1.935;-11.68;4.16;-28.96
231;47.47317095;19.0633380166667;110.453;0.113;0.565;0.01;1.935;-11.68;4.16;-28.96
232;47.47317095;19.0633380166667;110.453;0.596;0.565;0.01;1.935;-11.68;4.16;-28.96
233;47.4731720333333;19.0633373833333;110.441;0.596;0.565;0.01;1.935;-11.68;4.16;-28.96
234;47.4731728166667;19.06333675;110.448;0.596;0.565;0.01;1.935;-11.68;4.16;-28.96
235;47.4731728166667;19.06333675;110.448;0.596;0.565;0.01;1.935;-11.68;4.16;-28.96
236;47.47317415;19.0633361;110.463;2.832;0.565;0.01;1.935;-11.68;4.16;-28.96
237;47.4731759;19.0633347166667;110.466;2.832;0.565;0.01;1.935;-11.68;4.16;-28.96
238;47.4731775833333;19.0633331166667;110.462;2.832;0.565;0.01;1.935;-11.68;4.16;-28.96
239;47.4731794333333;19.063331;110.458;2.832;0.565;0.01;1.935;-11.68;4.16;-28.96
240;47.4731813833333;19.0633279166667;110.488;5.167;0.565;0.01;1.935;-11.68;4.16;-28.96
241;47.4731837666667;19.0633246666667;110.497;5.167;0.565;0.01;1.935;-11.68;4.16;-28.96
242;47.4731883833333;19.06331535;110.5;5.167;0.565;0.01;1.935;-11.68;4.16;-28.96
243;47.4731902666667;19.0633095;110.533;5.167;0.565;0.01;1.935;-11.68;4.16;-28.96
244;47.4731902666667;19.0633095;110.533;7.093;0.565;0.01;1.935;-11.68;4.16;-28.96
245;47.4731930833333;19.0632957333333;110.554;7.093;0.565;0.01;1.935;-11.68;4.16;-28.96
246;47.4731930833333;19.0632957333333;110.554;7.093;0.565;0.01;1.935;-11.68;4.16;-28.96
247;47.4731934333333;19.063281;110.559;7.093;0.565;0.01;1.935;-11.68;4.16;-28.96
248;47.4731931666667;19.0632741166667;110.567;7.574;0.565;0.01;1.935;-11.68;4.16;-28.96
249;47.4731928166667;19.06326745;110.573;7.574;0.565;0.01;1.935;-11.68;4.16;-28.96
250;47.4731922833333;19.0632610333333;110.569;7.574;0.565;0.01;1.935;-11.68;4.16;-28.96
251;47.4731922833333;19.0632610333333;110.569;7.574;0.565;0.01;1.935;-11.68;4.16;-28.96
252;47.4731915666667;19.0632549333333;110.57;6.682;0.565;0.01;1.935;-11.68;4.16;-28.96
253;47.473191;19.0632488166667;110.584;6.682;0.565;0.01;1.935;-11.68;4.16;-28.96
254;47.4731906333333;19.0632371666667;110.576;6.682;0.565;0.01;1.935;-11.68;4.16;-28.96
255;47.4731906333333;19.0632371666667;110.576;6.682;0.565;0.01;1.935;-11.68;4.16;-28.96
256;47.4731905;19.0632315666667;110.573;5.601;0.565;0.01;1.935;-11.68;4.16;-28.96
257;47.4731906833333;19.0632262666667;110.593;5.601;0.565;0.01;1.935;-11.68;4.16;-28.96
258;47.473191;19.0632214166667;110.621;5.601;0.565;0.01;1.935;-11.68;4.16;-28.96
259;47.4731925333333;19.0632108666667;110.7;5.601;0.565;0.01;1.935;-11.68;4.16;-28.96
260;47.4731938833333;19.0632051833333;110.742;6.403;0.565;0.01;1.935;-11.68;4.16;-28.96
261;47.4731960666667;19.0631993166667;110.721;6.403;0.565;0.01;1.935;-11.68;4.16;-28.96
262;47.4731988166667;19.0631939166667;110.67;6.403;0.565;0.01;1.935;-11.68;4.16;-28.96
263;47.4731988166667;19.0631939166667;110.67;6.403;0.565;0.01;1.935;-11.68;4.16;-28.96
264;47.4732017833333;19.0631891666667;110.683;6.518;0.565;0.01;1.935;-11.68;4.16;-28.96
265;47.4732079;19.0631821833333;110.722;6.518;0.565;0.01;1.935;-11.68;4.16;-28.96
266;47.4732079;19.0631821833333;110.722;6.518;0.565;0.01;1.935;-11.68;4.16;-28.96
267;47.4732113333333;19.0631795333333;110.749;6.518;0.565;0.01;1.935;-11.68;4.16;-28.96
268;47.4732147666667;19.0631774333333;110.742;5.506;0.565;0.01;1.935;-11.68;4.16;-28.96
269;47.4732181833333;19.0631758;110.727;5.506;0.565;0.01;1.935;-11.68;4.16;-28.96
270;47.4732214333333;19.0631746166667;110.782;5.506;0.565;0.01;1.935;-11.68;4.16;-28.96
271;47.4732245833333;19.06317365;110.813;5.506;0.565;0.01;1.935;-11.68;4.16;-28.96
272;47.4732274666667;19.06317295;110.726;4.291;0.565;0.01;1.935;-11.68;4.16;-28.96
273;47.4732303666667;19.0631720166667;110.684;4.291;0.565;0.01;1.935;-11.68;4.16;-28.96
274;47.4732342;19.06317105;110.646;4.291;0.565;0.01;1.935;-11.68;4.16;-28.96
275;47.4732342;19.06317105;110.646;4.291;0.565;0.01;1.935;-11.68;4.16;-28.96
276;47.47323485;19.0631707;110.656;0.085;0.565;0.01;1.935;-11.68;4.16;-28.96
277;47.4732348333333;19.0631707333333;110.659;0.085;0.565;0.01;1.935;-11.68;4.16;-28.96
278;47.4732348333333;19.0631707666667;110.66;0.085;0.565;0.01;1.935;-11.68;4.16;-28.96
279;47.4732348333333;19.0631708333333;110.659;0.085;0.565;0.01;1.935;-11.68;4.16;-28.96
280;47.4732348333333;19.0631708333333;110.659;0.039;0.565;0.01;1.935;-11.68;4.16;-28.96
281;47.4732348833333;19.0631707666667;110.662;0.039;0.565;0.01;1.935;-11.68;4.16;-28.96
282;47.4732348833333;19.0631708;110.659;0.039;0.565;0.01;1.935;-11.68;4.16;-28.96
283;47.4732348833333;19.0631708833333;110.658;0.039;0.565;0.01;1.935;-11.68;4.16;-28.96
284;47.4732348833333;19.0631708833333;110.658;0.117;0.565;0.01;1.935;-11.68;4.16;-28.96
285;47.4732350666667;19.0631707833333;110.65;0.117;0.565;0.01;1.935;-11.68;4.16;-28.96
286;47.473235;19.0631708;110.647;0.117;0.565;0.01;1.935;-11.68;4.16;-28.96
287;47.4732347333333;19.0631709;110.641;0.117;0.565;0.01;1.935;-11.68;4.16;-28.96
288;47.4732347333333;19.0631709;110.641;0.942;0.565;0.01;1.935;-11.68;4.16;-28.96
289;47.4732341666667;19.0631709333333;110.645;0.942;0.565;0.01;1.935;-11.68;4.16;-28.96
290;47.4732319;19.0631715666667;110.616;0.942;0.565;0.01;1.935;-11.68;4.16;-28.96
291;47.4732300333333;19.0631719666667;110.621;0.942;0.565;0.01;1.935;-11.68;4.16;-28.96
292;47.4732300333333;19.0631719666667;110.621;3.678;0.565;0.01;1.935;-11.68;4.16;-28.96
293;47.4732246;19.0631737;110.586;3.678;0.565;0.01;1.935;-11.68;4.16;-28.96
294;47.4732246;19.0631737;110.586;3.678;0.565;0.01;1.935;-11.68;4.16;-28.96
295;47.4732212666667;19.0631744666667;110.542;3.678;0.565;0.01;1.935;-11.68;4.16;-28.96
296;47.4732173333333;19.06317555;110.506;6.165;0.565;0.01;1.935;-11.68;4.16;-28.96
297;47.4732130166667;19.0631768333333;110.491;6.165;0.565;0.01;1.935;-11.68;4.16;-28.96
298;47.47320785;19.0631785;110.527;6.165;0.565;0.01;1.935;-11.68;4.16;-28.96
299;47.4732021666667;19.0631804166667;110.565;6.165;0.565;0.01;1.935;-11.68;4.16;-28.96
300;47.4731960666667;19.0631822;110.594;10.353;0.565;0.01;1.935;-11.68;4.16;-28.96
301;47.4731896333333;19.0631842166667;110.614;10.353;0.565;0.01;1.935;-11.68;4.16;-28.96
302;47.4731777333333;19.0631880333333;110.641;10.353;0.565;0.01;1.935;-11.68;4.16;-28.96
303;47.4731720666667;19.0631894666667;110.627;10.353;0.565;0.01;1.935;-11.68;4.16;-28.96
304;47.4731720666667;19.0631894666667;110.627;8.852;0.565;0.01;1.935;-11.68;4.16;-28.96
305;47.4731616166667;19.06319295;110.617;8.852;0.565;0.01;1.935;-11.68;4.16;-28.96
306;47.47315715;19.0631945333333;110.613;8.852;0.565;0.01;1.935;-11.68;4.16;-28.96
307;47.4731530666667;19.0631958333333;110.613;8.852;0.565;0.01;1.935;-11.68;4.16;-28.96
308;47.4731530666667;19.0631958333333;110.613;5.687;0.565;0.01;1.935;-11.68;4.16;-28.96
309;47.4731471;19.063198;110.615;5.687;0.565;0.01;1.935;-11.68;4.16;-28.96
310;47.4731458833333;19.0631983666667;110.621;5.687;0.565;0.01;1.935;-11.68;4.16;-28.96
311;47.4731458833333;19.0631983666667;110.621;5.687;0.565;0.01;1.935;-11.68;4.16;-28.96
312;47.4731456666667;19.0631984833333;110.642;0.165;0.565;0.01;1.935;-11.68;4.16;-28.96
313;47.47314585;19.0631984;110.643;0.165;0.565;0.01;1.935;-11.68;4.16;-28.96
314;47.47314575;19.06319845;110.642;0.165;0.565;0.01;1.935;-11.68;4.16;-28.96
315;47.47314575;19.06319845;110.642;0.165;0.565;0.01;1.935;-11.68;4.16;-28.96
316;47.4731458666667;19.0631984166667;110.63;0.006;0.565;0.01;1.935;-11.68;4.16;-28.96
317;47.4731458833333;19.0631984333333;110.628;0.006;0.565;0.01;1.935;-11.68;4.16;-28.96
318;47.4731458333333;19.0631984333333;110.634;0.006;0.565;0.01;1.935;-11.68;4.16;-28.96
319;47.4731457;19.06319855;110.638;0.006;0.565;0.01;1.935;-11.68;4.16;-28.96
320;47.4731457166667;19.0631984666667;110.643;0.016;0.565;0.01;1.935;-11.68;4.16;-28.96
321;47.4731457166667;19.0631984666667;110.643;0.016;0.565;0.01;1.935;-11.68;4.16;-28.96
322;47.4731456666667;19.0631984666667;110.649;0.016;0.565;0.01;1.935;-11.68;4.16;-28.96
323;47.4731458833333;19.0631982666667;110.653;0.016;0.565;0.01;1.935;-11.68;4.16;-28.96
324;47.4731458833333;19.0631982666667;110.653;0.031;0.565;0.01;1.935;-11.68;4.16;-28.96
325;47.4731459;19.0631982;110.661;0.031;0.565;0.01;1.935;-11.68;4.16;-28.96
326;47.4731459;19.0631982333333;110.662;0.031;0.565;0.01;1.935;-11.68;4.16;-28.96
327;47.4731459;19.0631981666667;110.663;0.031;0.565;0.01;1.935;-11.68;4.16;-28.96
328;47.4731459;19.0631981666667;110.663;0.009;0.565;0.01;1.935;-11.68;4.16;-28.96
329;47.4731458666667;19.0631982666667;110.667;0.009;0.565;0.01;1.935;-11.68;4.16;-28.96
330;47.4731458833333;19.0631982166667;110.668;0.009;0.565;0.01;1.935;-11.68;4.16;-28.96
331;47.47314585;19.0631981833333;110.671;0.009;0.565;0.01;1.935;-11.68;4.16;-28.96
332;47.47314585;19.0631981833333;110.671;0.03;0.565;0.01;1.935;-11.68;4.16;-28.96
333;47.4731458;19.0631982666667;110.662;0.03;0.565;0.01;1.935;-11.68;4.16;-28.96
334;47.4731457833333;19.06319835;110.662;0.03;0.565;0.01;1.935;-11.68;4.16;-28.96
335;47.4731457166667;19.0631983666667;110.665;0.03;0.565;0.01;1.935;-11.68;4.16;-28.96
336;47.4731457166667;19.0631983666667;110.665;0.016;0.565;0.01;1.935;-11.68;4.16;-28.96
337;47.4731458;19.0631983;110.668;0.016;0.565;0.01;1.935;-11.68;4.16;-28.96
338;47.47314575;19.0631983333333;110.67;0.016;0.565;0.01;1.935;-11.68;4.16;-28.96
339;47.47314575;19.0631983333333;110.67;0.016;0.565;0.01;1.935;-11.68;4.16;-28.96
340;47.4731457;19.06319835;110.683;0.012;0.565;0.01;1.935;-11.68;4.16;-28.96
341;47.4731457666667;19.0631982833333;110.685;0.012;0.565;0.01;1.935;-11.68;4.16;-28.96
342;47.4731459;19.0631982833333;110.685;0.012;0.565;0.01;1.935;-11.68;4.16;-28.96
343;47.4731459;19.0631982833333;110.685;0.012;0.565;0.01;1.935;-11.68;4.16;-28.96
344;47.47314655;19.06319825;110.658;1.122;0.565;0.01;1.935;-11.68;4.16;-28.96
345;47.4731485833333;19.06319815;110.654;1.122;0.565;0.01;1.935;-11.68;4.16;-28.96
346;47.47315025;19.0631982333333;110.652;1.122;0.565;0.01;1.935;-11.68;4.16;-28.96
347;47.4731524833333;19.0631984;110.647;1.122;0.565;0.01;1.935;-11.68;4.16;-28.96
348;47.4731554;19.06319855;110.659;4.164;0.565;0.01;1.935;-11.68;4.16;-28.96
349;47.4731582333333;19.0631993166667;110.65;4.164;0.565;0.01;1.935;-11.68;4.16;-28.96
350;47.47316085;19.0632003833333;110.63;4.164;0.565;0.01;1.935;-11.68;4.16;-28.96
351;47.4731631166667;19.0632018;110.65;4.164;0.565;0.01;1.935;-11.68;4.16;-28.96
352;47.4731654;19.0632030333333;110.639;3.979;0.565;0.01;1.935;-11.68;4.16;-28.96
353;47.4731654;19.0632030333333;110.639;3.979;0.565;0.01;1.935;-11.68;4.16;-28.96
354;47.4731695833333;19.0632065;110.615;3.979;0.565;0.01;1.935;-11.68;4.16;-28.96
355;47.47317155;19.0632082;110.622;3.979;0.565;0.01;1.935;-11.68;4.16;-28.96
356;47.47317155;19.0632082;110.622;3.358;0.565;0.01;1.935;-11.68;4.16;-28.96
357;47.47317485;19.0632118166667;110.609;3.358;0.565;0.01;1.935;-11.68;4.16;-28.96
358;47.4731766333333;19.06321355;110.599;3.358;0.565;0.01;1.935;-11.68;4.16;-28.96
359;47.4731778333333;19.0632159833333;110.598;3.358;0.565;0.01;1.935;-11.68;4.16;-28.96
360;47.4731794333333;19.06321825;110.609;3.503;0.565;0.01;1.935;-11.68;4.16;-28.96
361;47.4731809166667;19.0632210666667;110.576;3.503;0.565;0.01;1.935;-11.68;4.16;-28.96
362;47.4731825333333;19.0632246333333;110.578;3.503;0.565;0.01;1.935;-11.68;4.16;-28.96
363;47.473184;19.0632287;110.587;3.503;0.565;0.01;1.935;-11.68;4.16;-28.96
364;47.473184;19.0632287;110.587;5.093;0.565;0.01;1.935;-11.68;4.16;-28.96
365;47.4731867166667;19.0632376833333;110.574;5.093;0.565;0.01;1.935;-11.68;4.16;-28.96
366;47.4731877;19.0632425666667;110.565;5.093;0.565;0.01;1.935;-11.68;4.16;-28.96
367;47.47318815;19.0632473833333;110.558;5.093;0.565;0.01;1.935;-11.68;4.16;-28.96
368;47.47318815;19.0632473833333;110.558;5.439;0.565;0.01;1.935;-11.68;4.16;-28.96
369;47.4731884166667;19.0632574666667;110.56;5.439;0.565;0.01;1.935;-11.68;4.16;-28.96
370;47.4731881166667;19.0632624333333;110.535;5.439;0.565;0.01;1.935;-11.68;4.16;-28.96
371;47.4731879333333;19.0632671333333;110.572;5.439;0.565;0.01;1.935;-11.68;4.16;-28.96
372;47.4731879333333;19.0632671333333;110.572;4.983;0.565;0.01;1.935;-11.68;4.16;-28.96
373;47.4731863666667;19.0632762333333;110.563;4.983;0.565;0.01;1.935;-11.68;4.16;-28.96
374;47.4731851833333;19.0632806166667;110.558;4.983;0.565;0.01;1.935;-11.68;4.16;-28.96
375;47.4731836666667;19.0632846166667;110.547;4.983;0.565;0.01;1.935;-11.68;4.16;-28.96
376;47.4731817166667;19.0632888;110.525;5.13;0.565;0.01;1.935;-11.68;4.16;-28.96
377;47.4731798166667;19.06329245;110.53;5.13;0.565;0.01;1.935;-11.68;4.16;-28.96
378;47.4731777;19.063296;110.496;5.13;0.565;0.01;1.935;-11.68;4.16;-28.96
379;47.47317545;19.0632991666667;110.49;5.13;0.565;0.01;1.935;-11.68;4.16;-28.96
380;47.47317545;19.0632991666667;110.49;4.806;0.565;0.01;1.935;-11.68;4.16;-28.96
381;47.4731704666667;19.0633048666667;110.46;4.806;0.565;0.01;1.935;-11.68;4.16;-28.96
382;47.4731675333333;19.0633068666667;110.467;4.806;0.565;0.01;1.935;-11.68;4.16;-28.96
383;47.4731645;19.0633086666667;110.526;4.806;0.565;0.01;1.935;-11.68;4.16;-28.96
384;47.4731645;19.0633086666667;110.526;4.856;0.565;0.01;1.935;-11.68;4.16;-28.96
385;47.4731587;19.0633111833333;110.549;4.856;0.565;0.01;1.935;-11.68;4.16;-28.96
386;47.4731554833333;19.0633120666667;110.534;4.856;0.565;0.01;1.935;-11.68;4.16;-28.96
387;47.473152;19.0633124333333;110.526;4.856;0.565;0.01;1.935;-11.68;4.16;-28.96
388;47.47314855;19.0633122666667;110.547;5.329;0.565;0.01;1.935;-11.68;4.16;-28.96
389;47.47314515;19.0633116833333;110.567;5.329;0.565;0.01;1.935;-11.68;4.16;-28.96
390;47.4731419;19.0633107166667;110.555;5.329;0.565;0.01;1.935;-11.68;4.16;-28.96
391;47.4731387333333;19.0633092666667;110.551;5.329;0.565;0.01;1.935;-11.68;4.16;-28.96
392;47.4731356833333;19.0633076;110.536;5.356;0.565;0.01;1.935;-11.68;4.16;-28.96
393;47.4731328166667;19.0633056333333;110.521;5.356;0.565;0.01;1.935;-11.68;4.16;-28.96
394;47.4731300833333;19.0633032166667;110.521;5.356;0.565;0.01;1.935;-11.68;4.16;-28.96
395;47.4731276333333;19.0633001833333;110.51;5.356;0.565;0.01;1.935;-11.68;4.16;-28.96
396;47.47312515;19.0632968;110.538;5.199;0.565;0.01;1.935;-11.68;4.16;-28.96
397;47.4731229333333;19.06329325;110.529;5.199;0.565;0.01;1.935;-11.68;4.16;-28.96
398;47.4731209166667;19.0632895;110.535;5.199;0.565;0.01;1.935;-11.68;4.16;-28.96
399;47.4731188166667;19.0632856333333;110.5;5.199;0.565;0.01;1.935;-11.68;4.16;-28.96
400;47.4731188166667;19.0632856333333;110.5;5.373;0.565;0.01;1.935;-11.68;4.16;-28.96
401;47.47311625;19.0632765666667;110.411;5.373;0.565;0.01;1.935;-11.68;4.16;-28.96
402;47.4731155333333;19.0632718;110.394;5.373;0.565;0.01;1.935;-11.68;4.16;-28.96
403;47.4731146833333;19.0632673166667;110.486;5.373;0.565;0.01;1.935;-11.68;4.16;-28.96
404;47.4731146833333;19.0632673166667;110.486;5.233;0.565;0.01;1.935;-11.68;4.16;-28.96
405;47.4731139166667;19.0632576666667;110.585;5.233;0.565;0.01;1.935;-11.68;4.16;-28.96
406;47.4731143;19.0632523166667;110.599;5.233;0.565;0.01;1.935;-11.68;4.16;-28.96
407;47.4731146;19.0632474833333;110.612;5.233;0.565;0.01;1.935;-11.68;4.16;-28.96
408;47.4731146;19.0632474833333;110.612;5.443;0.565;0.01;1.935;-11.68;4.16;-28.96
409;47.4731163166667;19.0632377833333;110.647;5.443;0.565;0.01;1.935;-11.68;4.16;-28.96
410;47.4731180166667;19.0632328333333;110.647;5.443;0.565;0.01;1.935;-11.68;4.16;-28.96
411;47.4731197;19.0632283166667;110.612;5.443;0.565;0.01;1.935;-11.68;4.16;-28.96
412;47.4731214666667;19.06322405;110.651;5.107;0.565;0.01;1.935;-11.68;4.16;-28.96
413;47.4731236;19.0632200166667;110.672;5.107;0.565;0.01;1.935;-11.68;4.16;-28.96
414;47.4731261666667;19.0632165833333;110.656;5.107;0.565;0.01;1.935;-11.68;4.16;-28.96
415;47.4731286833333;19.0632135833333;110.658;5.107;0.565;0.01;1.935;-11.68;4.16;-28.96
416;47.4731286833333;19.0632135833333;110.658;5.524;0.565;0.01;1.935;-11.68;4.16;-28.96
417;47.4731349166667;19.0632079;110.686;5.524;0.565;0.01;1.935;-11.68;4.16;-28.96
418;47.47313805;19.0632059333333;110.694;5.524;0.565;0.01;1.935;-11.68;4.16;-28.96
419;47.4731416166667;19.0632043;110.715;5.524;0.565;0.01;1.935;-11.68;4.16;-28.96
420;47.4731452333333;19.0632029833333;110.738;5.76;0.565;0.01;1.935;-11.68;4.16;-28.96
421;47.4731488666667;19.0632023166667;110.79;5.76;0.565;0.01;1.935;-11.68;4.16;-28.96
422;47.4731527166667;19.0632022666667;110.793;5.76;0.565;0.01;1.935;-11.68;4.16;-28.96
423;47.4731568;19.0632025666667;110.737;5.76;0.565;0.01;1.935;-11.68;4.16;-28.96
424;47.4731568;19.0632025666667;110.737;6.112;0.565;0.01;1.935;-11.68;4.16;-28.96
425;47.4731642;19.06320505;110.625;6.112;0.565;0.01;1.935;-11.68;4.16;-28.96
426;47.4731676666667;19.0632074;110.611;6.112;0.565;0.01;1.935;-11.68;4.16;-28.96
427;47.473171;19.0632098166667;110.644;6.112;0.565;0.01;1.935;-11.68;4.16;-28.96
428;47.473171;19.0632098166667;110.644;5.886;0.565;0.01;1.935;-11.68;4.16;-28.96
429;47.47317695;19.0632164833333;110.629;5.886;0.565;0.01;1.935;-11.68;4.16;-28.96
430;47.4731797166667;19.06322035;110.617;5.886;0.565;0.01;1.935;-11.68;4.16;-28.96
431;47.4731820333333;19.0632247833333;110.6;5.886;0.565;0.01;1.935;-11.68;4.16;-28.96
432;47.4731820333333;19.0632247833333;110.6;6.279;0.565;0.01;1.935;-11.68;4.16;-28.96
433;47.4731859333333;19.0632348;110.588;6.279;0.565;0.01;1.935;-11.68;4.16;-28.96
434;47.4731872666667;19.06324025;110.577;6.279;0.565;0.01;1.935;-11.68;4.16;-28.96
435;47.4731883666667;19.0632455833333;110.553;6.279;0.565;0.01;1.935;-11.68;4.16;-28.96
436;47.4731883666667;19.0632455833333;110.553;6.26;0.565;0.01;1.935;-11.68;4.16;-28.96
437;47.4731891666667;19.063257;110.454;6.26;0.565;0.01;1.935;-11.68;4.16;-28.96
438;47.4731891166667;19.0632627166667;110.461;6.26;0.565;0.01;1.935;-11.68;4.16;-28.96
439;47.4731887666667;19.0632685166667;110.551;6.26;0.565;0.01;1.935;-11.68;4.16;-28.96
440;47.4731887666667;19.0632685166667;110.551;6.317;0.565;0.01;1.935;-11.68;4.16;-28.96
441;47.4731877333333;19.0632740666667;110.611;6.317;0.565;0.01;1.935;-11.68;4.16;-28.96
442;47.4731851833333;19.06328495;110.582;6.317;0.565;0.01;1.935;-11.68;4.16;-28.96
443;47.4731830166667;19.0632899666667;110.575;6.317;0.565;0.01;1.935;-11.68;4.16;-28.96
444;47.4731830166667;19.0632899666667;110.575;6.253;0.565;0.01;1.935;-11.68;4.16;-28.96
445;47.4731776;19.0632987833333;110.605;6.253;0.565;0.01;1.935;-11.68;4.16;-28.96
446;47.4731748333333;19.0633025666667;110.6;6.253;0.565;0.01;1.935;-11.68;4.16;-28.96
447;47.4731716833333;19.0633059666667;110.516;6.253;0.565;0.01;1.935;-11.68;4.16;-28.96
448;47.47316845;19.0633089166667;110.466;6.083;0.565;0.01;1.935;-11.68;4.16;-28.96
449;47.473165;19.0633110333333;110.484;6.083;0.565;0.01;1.935;-11.68;4.16;-28.96
450;47.47316145;19.06331255;110.491;6.083;0.565;0.01;1.935;-11.68;4.16;-28.96
451;47.4731580833333;19.06331395;110.49;6.083;0.565;0.01;1.935;-11.68;4.16;-28.96
452;47.4731580833333;19.06331395;110.49;5.98;0.565;0.01;1.935;-11.68;4.16;-28.96
453;47.4731505666667;19.0633146166667;110.495;5.98;0.565;0.01;1.935;-11.68;4.16;-28.96
454;47.4731470833333;19.0633142;110.511;5.98;0.565;0.01;1.935;-11.68;4.16;-28.96
455;47.4731431333333;19.0633134;110.54;5.98;0.565;0.01;1.935;-11.68;4.16;-28.96
456;47.4731431333333;19.0633134;110.54;5.815;0.565;0.01;1.935;-11.68;4.16;-28.96
457;47.4731362833333;19.0633100833333;110.55;5.815;0.565;0.01;1.935;-11.68;4.16;-28.96
458;47.473133;19.06330815;110.571;5.815;0.565;0.01;1.935;-11.68;4.16;-28.96
459;47.4731301833333;19.06330545;110.567;5.815;0.565;0.01;1.935;-11.68;4.16;-28.96
460;47.4731275166667;19.0633017666667;110.576;5.788;0.565;0.01;1.935;-11.68;4.16;-28.96
461;47.4731249333333;19.0632982333333;110.577;5.788;0.565;0.01;1.935;-11.68;4.16;-28.96
462;47.4731225;19.0632943333333;110.579;5.788;0.565;0.01;1.935;-11.68;4.16;-28.96
463;47.4731204166667;19.0632897666667;110.571;5.788;0.565;0.01;1.935;-11.68;4.16;-28.96
464;47.4731183;19.0632854166667;110.581;5.768;0.565;0.01;1.935;-11.68;4.16;-28.96
465;47.47311705;19.0632801833333;110.582;5.768;0.565;0.01;1.935;-11.68;4.16;-28.96
466;47.4731159333333;19.0632751666667;110.577;5.768;0.565;0.01;1.935;-11.68;4.16;-28.96
467;47.47311505;19.0632700166667;110.585;5.768;0.565;0.01;1.935;-11.68;4.16;-28.96
468;47.47311505;19.0632700166667;110.585;5.736;0.565;0.01;1.935;-11.68;4.16;-28.96
469;47.4731143;19.0632593666667;110.619;5.736;0.565;0.01;1.935;-11.68;4.16;-28.96
470;47.47311465;19.0632537666667;110.614;5.736;0.565;0.01;1.935;-11.68;4.16;-28.96
471;47.4731153;19.06324845;110.625;5.736;0.565;0.01;1.935;-11.68;4.16;-28.96
472;47.4731161333333;19.06324305;110.636;6.025;0.565;0.01;1.935;-11.68;4.16;-28.96
473;47.4731174;19.0632379666667;110.631;6.025;0.565;0.01;1.935;-11.68;4.16;-28.96
474;47.4731191833333;19.0632328833333;110.67;6.025;0.565;0.01;1.935;-11.68;4.16;-28.96
475;47.4731210666667;19.0632282166667;110.632;6.025;0.565;0.01;1.935;-11.68;4.16;-28.96
476;47.4731210666667;19.0632282166667;110.632;5.936;0.565;0.01;1.935;-11.68;4.16;-28.96
477;47.4731256833333;19.06321965;110.606;5.936;0.565;0.01;1.935;-11.68;4.16;-28.96
478;47.4731285;19.0632163166667;110.597;5.936;0.565;0.01;1.935;-11.68;4.16;-28.96
479;47.4731315833333;19.0632132833333;110.616;5.936;0.565;0.01;1.935;-11.68;4.16;-28.96
480;47.4731315833333;19.0632132833333;110.616;6.101;0.565;0.01;1.935;-11.68;4.16;-28.96
481;47.4731384833333;19.0632080333333;110.659;6.101;0.565;0.01;1.935;-11.68;4.16;-28.96
482;47.4731421166667;19.0632063333333;110.685;6.101;0.565;0.01;1.935;-11.68;4.16;-28.96
483;47.4731461166667;19.0632051833333;110.702;6.101;0.565;0.01;1.935;-11.68;4.16;-28.96
484;47.4731502333333;19.0632044666667;110.707;6.312;0.565;0.01;1.935;-11.68;4.16;-28.96
485;47.4731543833333;19.0632044;110.696;6.312;0.565;0.01;1.935;-11.68;4.16;-28.96
486;47.4731584833333;19.0632049833333;110.686;6.312;0.565;0.01;1.935;-11.68;4.16;-28.96
487;47.47316255;19.0632061166667;110.667;6.312;0.565;0.01;1.935;-11.68;4.16;-28.96
488;47.4731661833333;19.0632083666667;110.641;6.423;0.565;0.01;1.935;-11.68;4.16;-28.96
489;47.4731699833333;19.0632106666667;110.605;6.423;0.565;0.01;1.935;-11.68;4.16;-28.96
490;47.4731733833333;19.0632138166667;110.587;6.423;0.565;0.01;1.935;-11.68;4.16;-28.96
491;47.4731766333333;19.06321745;110.583;6.423;0.565;0.01;1.935;-11.68;4.16;-28.96
492;47.4731795166667;19.0632218;110.581;6.659;0.565;0.01;1.935;-11.68;4.16;-28.96
493;47.4731821166667;19.0632264;110.566;6.659;0.565;0.01;1.935;-11.68;4.16;-28.96
494;47.4731842;19.06323155;110.55;6.659;0.565;0.01;1.935;-11.68;4.16;-28.96
495;47.4731862;19.0632367166667;110.555;6.659;0.565;0.01;1.935;-11.68;4.16;-28.96
496;47.4731862;19.0632367166667;110.555;6.474;0.565;0.01;1.935;-11.68;4.16;-28.96
497;47.4731894;19.0632479833333;110.576;6.474;0.565;0.01;1.935;-11.68;4.16;-28.96
498;47.4731908166667;19.0632538666667;110.565;6.474;0.565;0.01;1.935;-11.68;4.16;-28.96
499;47.47319215;19.0632594833333;110.552;6.474;0.565;0.01;1.935;-11.68;4.16;-28.96
500;47.47319215;19.0632594833333;110.552;6.951;0.565;0.01;1.935;-11.68;4.16;-28.96
501;47.4731958;19.0632710166667;110.519;6.951;0.565;0.01;1.935;-11.68;4.16;-28.96
502;47.4731975666667;19.0632771166667;110.535;6.951;0.565;0.01;1.935;-11.68;4.16;-28.96
503;47.4731997666667;19.0632828833333;110.565;6.951;0.565;0.01;1.935;-11.68;4.16;-28.96
504;47.4732025833333;19.0632880666667;110.589;6.897;0.565;0.01;1.935;-11.68;4.16;-28.96
505;47.4732056166667;19.0632925;110.575;6.897;0.565;0.01;1.935;-11.68;4.16;-28.96
506;47.4732085666667;19.0632964666667;110.553;6.897;0.565;0.01;1.935;-11.68;4.16;-28.96
507;47.4732117166667;19.0632996333333;110.534;6.897;0.565;0.01;1.935;-11.68;4.16;-28.96
508;47.4732117166667;19.0632996333333;110.534;6.114;0.565;0.01;1.935;-11.68;4.16;-28.96
509;47.473219;19.06330415;110.507;6.114;0.565;0.01;1.935;-11.68;4.16;-28.96
510;47.4732227833333;19.0633053166667;110.46;6.114;0.565;0.01;1.935;-11.68;4.16;-28.96
511;47.4732263333333;19.0633065833333;110.455;6.114;0.565;0.01;1.935;-11.68;4.16;-28.96
512;47.4732263333333;19.0633065833333;110.455;5.641;0.565;0.01;1.935;-11.68;4.16;-28.96
513;47.4732333666667;19.0633067;110.452;5.641;0.565;0.01;1.935;-11.68;4.16;-28.96
514;47.4732367166667;19.06330575;110.455;5.641;0.565;0.01;1.935;-11.68;4.16;-28.96
515;47.4732402333333;19.0633054333333;110.396;5.641;0.565;0.01;1.935;-11.68;4.16;-28.96
516;47.47324365;19.06330505;110.387;5.289;0.565;0.01;1.935;-11.68;4.16;-28.96
517;47.4732466;19.06330455;110.401;5.289;0.565;0.01;1.935;-11.68;4.16;-28.96
518;47.4732495333333;19.0633040666667;110.411;5.289;0.565;0.01;1.935;-11.68;4.16;-28.96
519;47.47325235;19.0633036;110.447;5.289;0.565;0.01;1.935;-11.68;4.16;-28.96
520;47.47325485;19.0633029166667;110.47;4.004;0.565;0.01;1.935;-11.68;4.16;-28.96
521;47.4732566;19.0633027166667;110.498;4.004;0.565;0.01;1.935;-11.68;4.16;-28.96
522;47.4732578333333;19.06330245;110.509;4.004;0.565;0.01;1.935;-11.68;4.16;-28.96
523;47.47325835;19.0633025;110.542;4.004;0.565;0.01;1.935;-11.68;4.16;-28.96
524;47.4732583;19.0633026166667;110.529;0.139;0.565;0.01;1.935;-11.68;4.16;-28.96
525;47.47325825;19.0633026666667;110.51;0.139;0.565;0.01;1.935;-11.68;4.16;-28.96
526;47.4732582833333;19.0633027666667;110.49;0.139;0.565;0.01;1.935;-11.68;4.16;-28.96
527;47.4732583;19.0633026833333;110.473;0.139;0.565;0.01;1.935;-11.68;4.16;-28.96
528;47.4732583;19.0633026833333;110.473;0.028;0.565;0.01;1.935;-11.68;4.16;-28.96
529;47.4732583833333;19.06330265;110.46;0.028;0.565;0.01;1.935;-11.68;4.16;-28.96
530;47.4732584166667;19.0633026666667;110.456;0.028;0.565;0.01;1.935;-11.68;4.16;-28.96
531;47.4732585;19.0632999833333;110.347;0.028;0.565;0.01;1.935;-11.68;4.16;-28.96
532;47.4732584666667;19.06329985;110.346;0.06;0.565;0.01;1.935;-11.68;4.16;-28.96
533;47.4732585;19.0633000333333;110.355;0.06;0.565;0.01;1.935;-11.68;4.16;-28.96
534;47.4732584666667;19.0632999666667;110.357;0.06;0.565;0.01;1.935;-11.68;4.16;-28.96
535;47.4732584666667;19.0633;110.354;0.06;0.565;0.01;1.935;-11.68;4.16;-28.96
536;47.4732584666667;19.0633;110.354;0.014;0.565;0.01;1.935;-11.68;4.16;-28.96
537;47.4732584333333;19.0632999666667;110.356;0.014;0.565;0.01;1.935;-11.68;4.16;-28.96
538;47.47325845;19.0633000166667;110.357;0.014;0.565;0.01;1.935;-11.68;4.16;-28.96
539;47.47325845;19.0633000333333;110.355;0.014;0.565;0.01;1.935;-11.68;4.16;-28.96
540;47.47325845;19.0633000333333;110.355;0.044;0.565;0.01;1.935;-11.68;4.16;-28.96
541;47.4732584833333;19.0633000166667;110.352;0.044;0.565;0.01;1.935;-11.68;4.16;-28.96
542;47.4732584166667;19.0633000333333;110.362;0.044;0.565;0.01;1.935;-11.68;4.16;-28.96
543;47.47325845;19.0633;110.364;0.044;0.565;0.01;1.935;-11.68;4.16;-28.96
544;47.47325845;19.0633;110.364;0.02;0.565;0.01;1.935;-11.68;4.16;-28.96
545;47.4732584666667;19.0633;110.361;0.02;0.565;0.01;1.935;-11.68;4.16;-28.96
546;47.47325845;19.0633;110.366;0.02;0.565;0.01;1.935;-11.68;4.16;-28.96
547;47.4732585;19.0632999833333;110.348;0.02;0.565;0.01;1.935;-11.68;4.16;-28.96
